"filename", "language", "Markdown", "YAML", "MS SQL", "PostCSS", "TypeScript", "JavaScript", "HTML", "XML", "pip requirements", "Ini", "JSON", "Python", "comment", "blank", "total"
"c:\Users\YASH\TradeWise\.github\workflows\backend-ci.yml", "YAML", 0, 40, 0, 0, 0, 0, 0, 0, 0, 0, 0, 0, 0, 7, 47
"c:\Users\YASH\TradeWise\.github\workflows\frontend-ci.yml", "YAML", 0, 57, 0, 0, 0, 0, 0, 0, 0, 0, 0, 0, 0, 9, 66
"c:\Users\YASH\TradeWise\CHANGELOG.md", "Markdown", 34, 0, 0, 0, 0, 0, 0, 0, 0, 0, 0, 0, 0, 9, 43
"c:\Users\YASH\TradeWise\CONTRIBUTING.md", "Markdown", 57, 0, 0, 0, 0, 0, 0, 0, 0, 0, 0, 0, 0, 17, 74
"c:\Users\YASH\TradeWise\README.md", "Markdown", 690, 0, 0, 0, 0, 0, 0, 0, 0, 0, 0, 0, 0, 150, 840
"c:\Users\YASH\TradeWise\TESTING_GUIDE.md", "Markdown", 806, 0, 0, 0, 0, 0, 0, 0, 0, 0, 0, 0, 0, 263, 1069
"c:\Users\YASH\TradeWise\backend\README.md", "Markdown", 246, 0, 0, 0, 0, 0, 0, 0, 0, 0, 0, 0, 0, 78, 324
"c:\Users\YASH\TradeWise\backend\app\__init__.py", "Python", 0, 0, 0, 0, 0, 0, 0, 0, 0, 0, 0, 155, 11, 38, 204
"c:\Users\YASH\TradeWise\backend\app\config.py", "Python", 0, 0, 0, 0, 0, 0, 0, 0, 0, 0, 0, 117, 19, 36, 172
"c:\Users\YASH\TradeWise\backend\app\middleware\__init__.py", "Python", 0, 0, 0, 0, 0, 0, 0, 0, 0, 0, 0, 18, 3, 3, 24
"c:\Users\YASH\TradeWise\backend\app\middleware\auth_middleware.py", "Python", 0, 0, 0, 0, 0, 0, 0, 0, 0, 0, 0, 73, 9, 21, 103
"c:\Users\YASH\TradeWise\backend\app\middleware\rate_limit.py", "Python", 0, 0, 0, 0, 0, 0, 0, 0, 0, 0, 0, 26, 9, 9, 44
"c:\Users\YASH\TradeWise\backend\app\models\__init__.py", "Python", 0, 0, 0, 0, 0, 0, 0, 0, 0, 0, 0, 46, 3, 2, 51
"c:\Users\YASH\TradeWise\backend\app\models\comment.py", "Python", 0, 0, 0, 0, 0, 0, 0, 0, 0, 0, 0, 35, 4, 6, 45
"c:\Users\YASH\TradeWise\backend\app\models\learner_credit_transaction.py", "Python", 0, 0, 0, 0, 0, 0, 0, 0, 0, 0, 0, 33, 3, 6, 42
"c:\Users\YASH\TradeWise\backend\app\models\learner_flag.py", "Python", 0, 0, 0, 0, 0, 0, 0, 0, 0, 0, 0, 34, 3, 6, 43
"c:\Users\YASH\TradeWise\backend\app\models\learner_notification.py", "Python", 0, 0, 0, 0, 0, 0, 0, 0, 0, 0, 0, 43, 3, 6, 52
"c:\Users\YASH\TradeWise\backend\app\models\learner_notification_preferences.py", "Python", 0, 0, 0, 0, 0, 0, 0, 0, 0, 0, 0, 44, 4, 6, 54
"c:\Users\YASH\TradeWise\backend\app\models\learner_profile.py", "Python", 0, 0, 0, 0, 0, 0, 0, 0, 0, 0, 0, 49, 4, 7, 60
"c:\Users\YASH\TradeWise\backend\app\models\learner_subscription.py", "Python", 0, 0, 0, 0, 0, 0, 0, 0, 0, 0, 0, 41, 3, 6, 50
"c:\Users\YASH\TradeWise\backend\app\models\learner_trade_rating.py", "Python", 0, 0, 0, 0, 0, 0, 0, 0, 0, 0, 0, 33, 3, 6, 42
"c:\Users\YASH\TradeWise\backend\app\models\learner_trade_unlock.py", "Python", 0, 0, 0, 0, 0, 0, 0, 0, 0, 0, 0, 37, 4, 7, 48
"c:\Users\YASH\TradeWise\backend\app\models\login_activity.py", "Python", 0, 0, 0, 0, 0, 0, 0, 0, 0, 0, 0, 31, 4, 6, 41
"c:\Users\YASH\TradeWise\backend\app\models\notification.py", "Python", 0, 0, 0, 0, 0, 0, 0, 0, 0, 0, 0, 42, 4, 7, 53
"c:\Users\YASH\TradeWise\backend\app\models\notification_preferences.py", "Python", 0, 0, 0, 0, 0, 0, 0, 0, 0, 0, 0, 38, 4, 6, 48
"c:\Users\YASH\TradeWise\backend\app\models\payment.py", "Python", 0, 0, 0, 0, 0, 0, 0, 0, 0, 0, 0, 43, 4, 7, 54
"c:\Users\YASH\TradeWise\backend\app\models\payout.py", "Python", 0, 0, 0, 0, 0, 0, 0, 0, 0, 0, 0, 36, 4, 7, 47
"c:\Users\YASH\TradeWise\backend\app\models\pro_trader_profile.py", "Python", 0, 0, 0, 0, 0, 0, 0, 0, 0, 0, 0, 90, 10, 13, 113
"c:\Users\YASH\TradeWise\backend\app\models\profile.py", "Python", 0, 0, 0, 0, 0, 0, 0, 0, 0, 0, 0, 29, 4, 6, 39
"c:\Users\YASH\TradeWise\backend\app\models\report.py", "Python", 0, 0, 0, 0, 0, 0, 0, 0, 0, 0, 0, 35, 4, 7, 46
"c:\Users\YASH\TradeWise\backend\app\models\revenue_split.py", "Python", 0, 0, 0, 0, 0, 0, 0, 0, 0, 0, 0, 38, 4, 6, 48
"c:\Users\YASH\TradeWise\backend\app\models\subscription.py", "Python", 0, 0, 0, 0, 0, 0, 0, 0, 0, 0, 0, 42, 4, 7, 53
"c:\Users\YASH\TradeWise\backend\app\models\subscription_plan.py", "Python", 0, 0, 0, 0, 0, 0, 0, 0, 0, 0, 0, 36, 3, 7, 46
"c:\Users\YASH\TradeWise\backend\app\models\trade.py", "Python", 0, 0, 0, 0, 0, 0, 0, 0, 0, 0, 0, 59, 4, 10, 73
"c:\Users\YASH\TradeWise\backend\app\models\user.py", "Python", 0, 0, 0, 0, 0, 0, 0, 0, 0, 0, 0, 47, 4, 6, 57
"c:\Users\YASH\TradeWise\backend\app\routes\__init__.py", "Python", 0, 0, 0, 0, 0, 0, 0, 0, 0, 0, 0, 0, 3, 1, 4
"c:\Users\YASH\TradeWise\backend\app\routes\account_settings.py", "Python", 0, 0, 0, 0, 0, 0, 0, 0, 0, 0, 0, 113, 22, 32, 167
"c:\Users\YASH\TradeWise\backend\app\routes\admin.py", "Python", 0, 0, 0, 0, 0, 0, 0, 0, 0, 0, 0, 935, 109, 156, 1200
"c:\Users\YASH\TradeWise\backend\app\routes\analytics.py", "Python", 0, 0, 0, 0, 0, 0, 0, 0, 0, 0, 0, 274, 16, 45, 335
"c:\Users\YASH\TradeWise\backend\app\routes\auth.py", "Python", 0, 0, 0, 0, 0, 0, 0, 0, 0, 0, 0, 304, 42, 91, 437
"c:\Users\YASH\TradeWise\backend\app\routes\comments.py", "Python", 0, 0, 0, 0, 0, 0, 0, 0, 0, 0, 0, 93, 12, 30, 135
"c:\Users\YASH\TradeWise\backend\app\routes\earnings.py", "Python", 0, 0, 0, 0, 0, 0, 0, 0, 0, 0, 0, 248, 29, 54, 331
"c:\Users\YASH\TradeWise\backend\app\routes\exports.py", "Python", 0, 0, 0, 0, 0, 0, 0, 0, 0, 0, 0, 157, 11, 27, 195
"c:\Users\YASH\TradeWise\backend\app\routes\kyc.py", "Python", 0, 0, 0, 0, 0, 0, 0, 0, 0, 0, 0, 193, 20, 47, 260
"c:\Users\YASH\TradeWise\backend\app\routes\learner_comments.py", "Python", 0, 0, 0, 0, 0, 0, 0, 0, 0, 0, 0, 110, 12, 33, 155
"c:\Users\YASH\TradeWise\backend\app\routes\learner_credits.py", "Python", 0, 0, 0, 0, 0, 0, 0, 0, 0, 0, 0, 166, 15, 31, 212
"c:\Users\YASH\TradeWise\backend\app\routes\learner_feed.py", "Python", 0, 0, 0, 0, 0, 0, 0, 0, 0, 0, 0, 378, 25, 81, 484
"c:\Users\YASH\TradeWise\backend\app\routes\learner_flags.py", "Python", 0, 0, 0, 0, 0, 0, 0, 0, 0, 0, 0, 61, 9, 17, 87
"c:\Users\YASH\TradeWise\backend\app\routes\learner_notifications.py", "Python", 0, 0, 0, 0, 0, 0, 0, 0, 0, 0, 0, 119, 17, 40, 176
"c:\Users\YASH\TradeWise\backend\app\routes\learner_payments.py", "Python", 0, 0, 0, 0, 0, 0, 0, 0, 0, 0, 0, 235, 19, 52, 306
"c:\Users\YASH\TradeWise\backend\app\routes\learner_profile.py", "Python", 0, 0, 0, 0, 0, 0, 0, 0, 0, 0, 0, 266, 20, 44, 330
"c:\Users\YASH\TradeWise\backend\app\routes\learner_ratings.py", "Python", 0, 0, 0, 0, 0, 0, 0, 0, 0, 0, 0, 82, 9, 21, 112
"c:\Users\YASH\TradeWise\backend\app\routes\learner_subscriptions.py", "Python", 0, 0, 0, 0, 0, 0, 0, 0, 0, 0, 0, 107, 14, 29, 150
"c:\Users\YASH\TradeWise\backend\app\routes\notifications.py", "Python", 0, 0, 0, 0, 0, 0, 0, 0, 0, 0, 0, 62, 12, 18, 92
"c:\Users\YASH\TradeWise\backend\app\routes\pro_trader_profile.py", "Python", 0, 0, 0, 0, 0, 0, 0, 0, 0, 0, 0, 396, 68, 88, 552
"c:\Users\YASH\TradeWise\backend\app\routes\pro_traders_public.py", "Python", 0, 0, 0, 0, 0, 0, 0, 0, 0, 0, 0, 191, 10, 30, 231
"c:\Users\YASH\TradeWise\backend\app\routes\subscribers.py", "Python", 0, 0, 0, 0, 0, 0, 0, 0, 0, 0, 0, 107, 10, 22, 139
"c:\Users\YASH\TradeWise\backend\app\routes\trades.py", "Python", 0, 0, 0, 0, 0, 0, 0, 0, 0, 0, 0, 285, 22, 74, 381
"c:\Users\YASH\TradeWise\backend\app\routes\webhooks.py", "Python", 0, 0, 0, 0, 0, 0, 0, 0, 0, 0, 0, 128, 23, 40, 191
"c:\Users\YASH\TradeWise\backend\app\services\__init__.py", "Python", 0, 0, 0, 0, 0, 0, 0, 0, 0, 0, 0, 33, 3, 2, 38
"c:\Users\YASH\TradeWise\backend\app\services\cashfree.py", "Python", 0, 0, 0, 0, 0, 0, 0, 0, 0, 0, 0, 127, 11, 18, 156
"c:\Users\YASH\TradeWise\backend\app\services\email_service.py", "Python", 0, 0, 0, 0, 0, 0, 0, 0, 0, 0, 0, 91, 5, 28, 124
"c:\Users\YASH\TradeWise\backend\app\services\notification_service.py", "Python", 0, 0, 0, 0, 0, 0, 0, 0, 0, 0, 0, 115, 7, 19, 141
"c:\Users\YASH\TradeWise\backend\app\services\supabase_storage.py", "Python", 0, 0, 0, 0, 0, 0, 0, 0, 0, 0, 0, 45, 12, 12, 69
"c:\Users\YASH\TradeWise\backend\app\utils\__init__.py", "Python", 0, 0, 0, 0, 0, 0, 0, 0, 0, 0, 0, 32, 3, 11, 46
"c:\Users\YASH\TradeWise\backend\app\utils\accuracy.py", "Python", 0, 0, 0, 0, 0, 0, 0, 0, 0, 0, 0, 57, 13, 18, 88
"c:\Users\YASH\TradeWise\backend\app\utils\encryption.py", "Python", 0, 0, 0, 0, 0, 0, 0, 0, 0, 0, 0, 32, 10, 9, 51
"c:\Users\YASH\TradeWise\backend\app\utils\perf.py", "Python", 0, 0, 0, 0, 0, 0, 0, 0, 0, 0, 0, 44, 3, 16, 63
"c:\Users\YASH\TradeWise\backend\app\utils\pro_trader_state.py", "Python", 0, 0, 0, 0, 0, 0, 0, 0, 0, 0, 0, 41, 54, 19, 114
"c:\Users\YASH\TradeWise\backend\app\utils\response_cache.py", "Python", 0, 0, 0, 0, 0, 0, 0, 0, 0, 0, 0, 82, 6, 26, 114
"c:\Users\YASH\TradeWise\backend\app\utils\validators.py", "Python", 0, 0, 0, 0, 0, 0, 0, 0, 0, 0, 0, 32, 13, 15, 60
"c:\Users\YASH\TradeWise\backend\pytest.ini", "Ini", 0, 0, 0, 0, 0, 0, 0, 0, 0, 3, 0, 0, 0, 1, 4
"c:\Users\YASH\TradeWise\backend\requirements.txt", "pip requirements", 0, 0, 0, 0, 0, 0, 0, 0, 29, 0, 0, 0, 0, 1, 30
"c:\Users\YASH\TradeWise\backend\run.py", "Python", 0, 0, 0, 0, 0, 0, 0, 0, 0, 0, 0, 8, 3, 3, 14
"c:\Users\YASH\TradeWise\backend\tests\__init__.py", "Python", 0, 0, 0, 0, 0, 0, 0, 0, 0, 0, 0, 0, 3, 1, 4
"c:\Users\YASH\TradeWise\backend\tests\conftest.py", "Python", 0, 0, 0, 0, 0, 0, 0, 0, 0, 0, 0, 88, 13, 35, 136
"c:\Users\YASH\TradeWise\backend\tests\test_admin.py", "Python", 0, 0, 0, 0, 0, 0, 0, 0, 0, 0, 0, 191, 8, 38, 237
"c:\Users\YASH\TradeWise\backend\tests\test_auth.py", "Python", 0, 0, 0, 0, 0, 0, 0, 0, 0, 0, 0, 130, 5, 19, 154
"c:\Users\YASH\TradeWise\backend\tests\test_learner.py", "Python", 0, 0, 0, 0, 0, 0, 0, 0, 0, 0, 0, 681, 19, 136, 836
"c:\Users\YASH\TradeWise\backend\tests\test_subscribers.py", "Python", 0, 0, 0, 0, 0, 0, 0, 0, 0, 0, 0, 71, 3, 15, 89
"c:\Users\YASH\TradeWise\backend\tests\test_trades.py", "Python", 0, 0, 0, 0, 0, 0, 0, 0, 0, 0, 0, 261, 6, 27, 294
"c:\Users\YASH\TradeWise\backend\tests\test_utils.py", "Python", 0, 0, 0, 0, 0, 0, 0, 0, 0, 0, 0, 71, 6, 19, 96
"c:\Users\YASH\TradeWise\docs\API_DOCUMENTATION.md", "Markdown", 868, 0, 0, 0, 0, 0, 0, 0, 0, 0, 0, 0, 0, 384, 1252
"c:\Users\YASH\TradeWise\docs\DATABASE_SCHEMA.md", "Markdown", 323, 0, 0, 0, 0, 0, 0, 0, 0, 0, 0, 0, 0, 95, 418
"c:\Users\YASH\TradeWise\docs\DEPLOYMENT_GUIDE.md", "Markdown", 344, 0, 0, 0, 0, 0, 0, 0, 0, 0, 0, 0, 0, 117, 461
"c:\Users\YASH\TradeWise\docs\TROUBLESHOOTING.md", "Markdown", 439, 0, 0, 0, 0, 0, 0, 0, 0, 0, 0, 0, 0, 184, 623
"c:\Users\YASH\TradeWise\docs\USER_WORKFLOW.md", "Markdown", 578, 0, 0, 0, 0, 0, 0, 0, 0, 0, 0, 0, 0, 188, 766
"c:\Users\YASH\TradeWise\docs\admin-dashboard.md", "Markdown", 164, 0, 0, 0, 0, 0, 0, 0, 0, 0, 0, 0, 0, 52, 216
"c:\Users\YASH\TradeWise\frontend\404.html", "HTML", 0, 0, 0, 0, 0, 0, 51, 0, 0, 0, 0, 0, 0, 2, 53
"c:\Users\YASH\TradeWise\frontend\README.md", "Markdown", 156, 0, 0, 0, 0, 0, 0, 0, 0, 0, 0, 0, 0, 39, 195
"c:\Users\YASH\TradeWise\frontend\admin\css\admin.css", "PostCSS", 0, 0, 0, 301, 0, 0, 0, 0, 0, 0, 0, 0, 30, 30, 361
"c:\Users\YASH\TradeWise\frontend\admin\dashboard.html", "HTML", 0, 0, 0, 0, 0, 0, 547, 0, 0, 0, 0, 0, 22, 24, 593
"c:\Users\YASH\TradeWise\frontend\admin\index.html", "HTML", 0, 0, 0, 0, 0, 0, 153, 0, 0, 0, 0, 0, 5, 18, 176
"c:\Users\YASH\TradeWise\frontend\admin\js\admin.js", "JavaScript", 0, 0, 0, 0, 0, 1016, 0, 0, 0, 0, 0, 0, 51, 128, 1195
"c:\Users\YASH\TradeWise\frontend\index.html", "HTML", 0, 0, 0, 0, 0, 0, 13, 0, 0, 0, 0, 0, 0, 4, 17
"c:\Users\YASH\TradeWise\frontend\landing-page.html", "HTML", 0, 0, 0, 0, 0, 0, 616, 0, 0, 0, 0, 0, 15, 38, 669
"c:\Users\YASH\TradeWise\frontend\learner\css\learner.css", "PostCSS", 0, 0, 0, 1986, 0, 0, 0, 0, 0, 0, 0, 0, 50, 348, 2384
"c:\Users\YASH\TradeWise\frontend\learner\js\api.js", "JavaScript", 0, 0, 0, 0, 0, 241, 0, 0, 0, 0, 0, 0, 22, 40, 303
"c:\Users\YASH\TradeWise\frontend\learner\js\auth.js", "JavaScript", 0, 0, 0, 0, 0, 287, 0, 0, 0, 0, 0, 0, 17, 45, 349
"c:\Users\YASH\TradeWise\frontend\learner\js\charts.js", "JavaScript", 0, 0, 0, 0, 0, 241, 0, 0, 0, 0, 0, 0, 11, 13, 265
"c:\Users\YASH\TradeWise\frontend\learner\js\realtime.js", "JavaScript", 0, 0, 0, 0, 0, 92, 0, 0, 0, 0, 0, 0, 25, 12, 129
"c:\Users\YASH\TradeWise\frontend\learner\js\sidebar-profile.js", "JavaScript", 0, 0, 0, 0, 0, 37, 0, 0, 0, 0, 0, 0, 5, 11, 53
"c:\Users\YASH\TradeWise\frontend\learner\js\storage.js", "JavaScript", 0, 0, 0, 0, 0, 87, 0, 0, 0, 0, 0, 0, 10, 20, 117
"c:\Users\YASH\TradeWise\frontend\learner\js\theme-init.js", "JavaScript", 0, 0, 0, 0, 0, 25, 0, 0, 0, 0, 0, 0, 0, 4, 29
"c:\Users\YASH\TradeWise\frontend\learner\js\theme.js", "JavaScript", 0, 0, 0, 0, 0, 59, 0, 0, 0, 0, 0, 0, 1, 13, 73
"c:\Users\YASH\TradeWise\frontend\learner\js\utils.js", "JavaScript", 0, 0, 0, 0, 0, 191, 0, 0, 0, 0, 0, 0, 52, 39, 282
"c:\Users\YASH\TradeWise\frontend\learner\pages\account-settings.html", "HTML", 0, 0, 0, 0, 0, 0, 378, 0, 0, 0, 0, 0, 6, 42, 426
"c:\Users\YASH\TradeWise\frontend\learner\pages\auth.html", "HTML", 0, 0, 0, 0, 0, 0, 263, 0, 0, 0, 0, 0, 15, 24, 302
"c:\Users\YASH\TradeWise\frontend\learner\pages\dashboard.html", "HTML", 0, 0, 0, 0, 0, 0, 305, 0, 0, 0, 0, 0, 7, 30, 342
"c:\Users\YASH\TradeWise\frontend\learner\pages\feed.html", "HTML", 0, 0, 0, 0, 0, 0, 432, 0, 0, 0, 0, 0, 5, 33, 470
"c:\Users\YASH\TradeWise\frontend\learner\pages\my-history.html", "HTML", 0, 0, 0, 0, 0, 0, 322, 0, 0, 0, 0, 0, 6, 33, 361
"c:\Users\YASH\TradeWise\frontend\learner\pages\my-subscriptions.html", "HTML", 0, 0, 0, 0, 0, 0, 357, 0, 0, 0, 0, 0, 7, 42, 406
"c:\Users\YASH\TradeWise\frontend\learner\pages\notification-preferences.html", "HTML", 0, 0, 0, 0, 0, 0, 255, 0, 0, 0, 0, 0, 5, 23, 283
"c:\Users\YASH\TradeWise\frontend\learner\pages\notifications.html", "HTML", 0, 0, 0, 0, 0, 0, 252, 0, 0, 0, 0, 0, 3, 36, 291
"c:\Users\YASH\TradeWise\frontend\learner\pages\payment-callback.html", "HTML", 0, 0, 0, 0, 0, 0, 119, 0, 0, 0, 0, 0, 4, 16, 139
"c:\Users\YASH\TradeWise\frontend\learner\pages\payment-return.html", "HTML", 0, 0, 0, 0, 0, 0, 171, 0, 0, 0, 0, 0, 0, 13, 184
"c:\Users\YASH\TradeWise\frontend\learner\pages\profile-settings.html", "HTML", 0, 0, 0, 0, 0, 0, 391, 0, 0, 0, 0, 0, 6, 39, 436
"c:\Users\YASH\TradeWise\frontend\learner\pages\profile-setup.html", "HTML", 0, 0, 0, 0, 0, 0, 247, 0, 0, 0, 0, 0, 8, 23, 278
"c:\Users\YASH\TradeWise\frontend\learner\pages\register.html", "HTML", 0, 0, 0, 0, 0, 0, 13, 0, 0, 0, 0, 0, 0, 2, 15
"c:\Users\YASH\TradeWise\frontend\learner\pages\subscribe.html", "HTML", 0, 0, 0, 0, 0, 0, 221, 0, 0, 0, 0, 0, 0, 18, 239
"c:\Users\YASH\TradeWise\frontend\learner\pages\trade-detail.html", "HTML", 0, 0, 0, 0, 0, 0, 561, 0, 0, 0, 0, 0, 9, 59, 629
"c:\Users\YASH\TradeWise\frontend\logo.svg", "XML", 0, 0, 0, 0, 0, 0, 0, 7, 0, 0, 0, 0, 3, 1, 11
"c:\Users\YASH\TradeWise\frontend\pages\role-selection.html", "HTML", 0, 0, 0, 0, 0, 0, 325, 0, 0, 0, 0, 0, 4, 42, 371
"c:\Users\YASH\TradeWise\frontend\pro-trader\css\pro-trader.css", "PostCSS", 0, 0, 0, 105, 0, 0, 0, 0, 0, 0, 0, 0, 9, 21, 135
"c:\Users\YASH\TradeWise\frontend\pro-trader\css\theme.css", "PostCSS", 0, 0, 0, 196, 0, 0, 0, 0, 0, 0, 0, 0, 3, 37, 236
"c:\Users\YASH\TradeWise\frontend\pro-trader\js\api.js", "JavaScript", 0, 0, 0, 0, 0, 247, 0, 0, 0, 0, 0, 0, 20, 38, 305
"c:\Users\YASH\TradeWise\frontend\pro-trader\js\auth.js", "JavaScript", 0, 0, 0, 0, 0, 63, 0, 0, 0, 0, 0, 0, 13, 12, 88
"c:\Users\YASH\TradeWise\frontend\pro-trader\js\charts.js", "JavaScript", 0, 0, 0, 0, 0, 297, 0, 0, 0, 0, 0, 0, 11, 21, 329
"c:\Users\YASH\TradeWise\frontend\pro-trader\js\main.js", "JavaScript", 0, 0, 0, 0, 0, 181, 0, 0, 0, 0, 0, 0, 21, 38, 240
"c:\Users\YASH\TradeWise\frontend\pro-trader\js\pro-trader.js", "JavaScript", 0, 0, 0, 0, 0, 84, 0, 0, 0, 0, 0, 0, 11, 15, 110
"c:\Users\YASH\TradeWise\frontend\pro-trader\js\realtime.js", "JavaScript", 0, 0, 0, 0, 0, 128, 0, 0, 0, 0, 0, 0, 36, 19, 183
"c:\Users\YASH\TradeWise\frontend\pro-trader\js\storage.js", "JavaScript", 0, 0, 0, 0, 0, 93, 0, 0, 0, 0, 0, 0, 11, 22, 126
"c:\Users\YASH\TradeWise\frontend\pro-trader\js\theme-init.js", "JavaScript", 0, 0, 0, 0, 0, 20, 0, 0, 0, 0, 0, 0, 0, 3, 23
"c:\Users\YASH\TradeWise\frontend\pro-trader\js\theme.js", "JavaScript", 0, 0, 0, 0, 0, 63, 0, 0, 0, 0, 0, 0, 1, 13, 77
"c:\Users\YASH\TradeWise\frontend\pro-trader\js\utils.js", "JavaScript", 0, 0, 0, 0, 0, 187, 0, 0, 0, 0, 0, 0, 50, 37, 274
"c:\Users\YASH\TradeWise\frontend\pro-trader\pages\account-settings.html", "HTML", 0, 0, 0, 0, 0, 0, 379, 0, 0, 0, 0, 0, 4, 24, 407
"c:\Users\YASH\TradeWise\frontend\pro-trader\pages\active-trades.html", "HTML", 0, 0, 0, 0, 0, 0, 533, 0, 0, 0, 0, 0, 3, 46, 582
"c:\Users\YASH\TradeWise\frontend\pro-trader\pages\analytics.html", "HTML", 0, 0, 0, 0, 0, 0, 290, 0, 0, 0, 0, 0, 7, 20, 317
"c:\Users\YASH\TradeWise\frontend\pro-trader\pages\dashboard.html", "HTML", 0, 0, 0, 0, 0, 0, 315, 0, 0, 0, 0, 0, 11, 27, 353
"c:\Users\YASH\TradeWise\frontend\pro-trader\pages\earnings.html", "HTML", 0, 0, 0, 0, 0, 0, 424, 0, 0, 0, 0, 0, 7, 33, 464
"c:\Users\YASH\TradeWise\frontend\pro-trader\pages\kyc-setup.html", "HTML", 0, 0, 0, 0, 0, 0, 473, 0, 0, 0, 0, 0, 6, 43, 522
"c:\Users\YASH\TradeWise\frontend\pro-trader\pages\notifications.html", "HTML", 0, 0, 0, 0, 0, 0, 280, 0, 0, 0, 0, 0, 1, 26, 307
"c:\Users\YASH\TradeWise\frontend\pro-trader\pages\post-trade.html", "HTML", 0, 0, 0, 0, 0, 0, 367, 0, 0, 0, 0, 0, 10, 44, 421
"c:\Users\YASH\TradeWise\frontend\pro-trader\pages\pro-onboarding.html", "HTML", 0, 0, 0, 0, 0, 0, 367, 0, 0, 0, 0, 0, 10, 44, 421
"c:\Users\YASH\TradeWise\frontend\pro-trader\pages\profile-settings.html", "HTML", 0, 0, 0, 0, 0, 0, 408, 0, 0, 0, 0, 0, 1, 44, 453
"c:\Users\YASH\TradeWise\frontend\pro-trader\pages\register.html", "HTML", 0, 0, 0, 0, 0, 0, 513, 0, 0, 0, 0, 0, 6, 51, 570
"c:\Users\YASH\TradeWise\frontend\pro-trader\pages\settings.html", "HTML", 0, 0, 0, 0, 0, 0, 258, 0, 0, 0, 0, 0, 3, 17, 278
"c:\Users\YASH\TradeWise\frontend\pro-trader\pages\subscribers.html", "HTML", 0, 0, 0, 0, 0, 0, 209, 0, 0, 0, 0, 0, 2, 16, 227
"c:\Users\YASH\TradeWise\frontend\script.js", "JavaScript", 0, 0, 0, 0, 0, 136, 0, 0, 0, 0, 0, 0, 12, 28, 176
"c:\Users\YASH\TradeWise\frontend\secure-access\admin\index.html", "HTML", 0, 0, 0, 0, 0, 0, 187, 0, 0, 0, 0, 0, 5, 22, 214
"c:\Users\YASH\TradeWise\frontend\secure-access\admin\verify.js", "JavaScript", 0, 0, 0, 0, 0, 26, 0, 0, 0, 0, 0, 0, 5, 8, 39
"c:\Users\YASH\TradeWise\frontend\shared\assets\logo.svg", "XML", 0, 0, 0, 0, 0, 0, 0, 7, 0, 0, 0, 0, 3, 1, 11
"c:\Users\YASH\TradeWise\frontend\shared\css\auth.css", "PostCSS", 0, 0, 0, 589, 0, 0, 0, 0, 0, 0, 0, 0, 21, 92, 702
"c:\Users\YASH\TradeWise\frontend\shared\css\components.css", "PostCSS", 0, 0, 0, 805, 0, 0, 0, 0, 0, 0, 0, 0, 29, 141, 975
"c:\Users\YASH\TradeWise\frontend\shared\css\globals.css", "PostCSS", 0, 0, 0, 209, 0, 0, 0, 0, 0, 0, 0, 0, 19, 43, 271
"c:\Users\YASH\TradeWise\frontend\shared\css\pages.css", "PostCSS", 0, 0, 0, 1101, 0, 0, 0, 0, 0, 0, 0, 0, 22, 179, 1302
"c:\Users\YASH\TradeWise\frontend\shared\css\responsive.css", "PostCSS", 0, 0, 0, 175, 0, 0, 0, 0, 0, 0, 0, 0, 38, 49, 262
"c:\Users\YASH\TradeWise\frontend\shared\js\api.js", "JavaScript", 0, 0, 0, 0, 0, 189, 0, 0, 0, 0, 0, 0, 20, 30, 239
"c:\Users\YASH\TradeWise\frontend\shared\js\asset-version.js", "JavaScript", 0, 0, 0, 0, 0, 13, 0, 0, 0, 0, 0, 0, 19, 5, 37
"c:\Users\YASH\TradeWise\frontend\shared\js\auth.js", "JavaScript", 0, 0, 0, 0, 0, 46, 0, 0, 0, 0, 0, 0, 13, 12, 71
"c:\Users\YASH\TradeWise\frontend\shared\js\charts.js", "JavaScript", 0, 0, 0, 0, 0, 234, 0, 0, 0, 0, 0, 0, 12, 18, 264
"c:\Users\YASH\TradeWise\frontend\shared\js\config.js", "JavaScript", 0, 0, 0, 0, 0, 47, 0, 0, 0, 0, 0, 0, 1, 11, 59
"c:\Users\YASH\TradeWise\frontend\shared\js\http-client.js", "JavaScript", 0, 0, 0, 0, 0, 265, 0, 0, 0, 0, 0, 0, 7, 50, 322
"c:\Users\YASH\TradeWise\frontend\shared\js\main.js", "JavaScript", 0, 0, 0, 0, 0, 154, 0, 0, 0, 0, 0, 0, 20, 35, 209
"c:\Users\YASH\TradeWise\frontend\shared\js\realtime.js", "JavaScript", 0, 0, 0, 0, 0, 171, 0, 0, 0, 0, 0, 0, 47, 25, 243
"c:\Users\YASH\TradeWise\frontend\shared\js\storage.js", "JavaScript", 0, 0, 0, 0, 0, 86, 0, 0, 0, 0, 0, 0, 10, 20, 116
"c:\Users\YASH\TradeWise\frontend\shared\js\theme.js", "JavaScript", 0, 0, 0, 0, 0, 72, 0, 0, 0, 0, 0, 0, 5, 16, 93
"c:\Users\YASH\TradeWise\frontend\shared\js\utils.js", "JavaScript", 0, 0, 0, 0, 0, 187, 0, 0, 0, 0, 0, 0, 50, 37, 274
"c:\Users\YASH\TradeWise\frontend\shared\vendor\chart.umd.js", "JavaScript", 0, 0, 0, 0, 0, 2, 0, 0, 0, 0, 0, 0, 12, 1, 15
"c:\Users\YASH\TradeWise\frontend\styles.css", "PostCSS", 0, 0, 0, 1360, 0, 0, 0, 0, 0, 0, 0, 0, 15, 226, 1601
"c:\Users\YASH\TradeWise\supabase\.temp\linked-project.json", "JSON", 0, 0, 0, 0, 0, 0, 0, 0, 0, 0, 1, 0, 0, 0, 1
"c:\Users\YASH\TradeWise\supabase\email-templates\confirm-signup.html", "HTML", 0, 0, 0, 0, 0, 0, 91, 0, 0, 0, 0, 0, 15, 13, 119
"c:\Users\YASH\TradeWise\supabase\functions\cashfree-webhook\index.ts", "TypeScript", 0, 0, 0, 0, 137, 0, 0, 0, 0, 0, 0, 0, 0, 26, 163
"c:\Users\YASH\TradeWise\supabase\functions\create-order\index.ts", "TypeScript", 0, 0, 0, 0, 157, 0, 0, 0, 0, 0, 0, 0, 7, 28, 192
"c:\Users\YASH\TradeWise\supabase\functions\verify-payment\index.ts", "TypeScript", 0, 0, 0, 0, 91, 0, 0, 0, 0, 0, 0, 0, 0, 17, 108
"c:\Users\YASH\TradeWise\supabase\migrations\20260331_001_tradewise_schema.sql", "MS SQL", 0, 0, 626, 0, 0, 0, 0, 0, 0, 0, 0, 0, 211, 260, 1097
"c:\Users\YASH\TradeWise\supabase\migrations\20260331_002_admin_system.sql", "MS SQL", 0, 0, 223, 0, 0, 0, 0, 0, 0, 0, 0, 0, 154, 70, 447
"c:\Users\YASH\TradeWise\supabase\migrations\20260407_003_allow_zero_rrr.sql", "MS SQL", 0, 0, 6, 0, 0, 0, 0, 0, 0, 0, 0, 0, 1, 3, 10
"c:\Users\YASH\TradeWise\supabase\migrations\20260420_004_performance_indexes.sql", "MS SQL", 0, 0, 23, 0, 0, 0, 0, 0, 0, 0, 0, 0, 6, 13, 42
"c:\Users\YASH\TradeWise\supabase\migrations\20260421_005_onboarding_verification.sql", "MS SQL", 0, 0, 97, 0, 0, 0, 0, 0, 0, 0, 0, 0, 46, 35, 178
"c:\Users\YASH\TradeWise\supabase\migrations\20260421_005_onboarding_verification_ROLLBACK.sql", "MS SQL", 0, 0, 14, 0, 0, 0, 0, 0, 0, 0, 0, 0, 22, 19, 55
"c:\Users\YASH\TradeWise\supabase\migrations\20260429_006_performance_indexes_v2.sql", "MS SQL", 0, 0, 16, 0, 0, 0, 0, 0, 0, 0, 0, 0, 10, 9, 35
"c:\Users\YASH\TradeWise\supabase\migrations\20260429_007_cashfree_easy_split.sql", "MS SQL", 0, 0, 65, 0, 0, 0, 0, 0, 0, 0, 0, 0, 3, 18, 86
"c:\Users\YASH\TradeWise\supabase\migrations\20260429_008_remove_subscription_auto_renew.sql", "MS SQL", 0, 0, 2, 0, 0, 0, 0, 0, 0, 0, 0, 0, 0, 1, 3
"Total", "-", 4705, 97, 1072, 6827, 385, 5267, 11086, 14, 29, 3, 1, 8592, 2418, 6980, 47476